event_no,date,location,loss_damage,reference,district
1,1970-07-20,"Birahi Ganga, Chamoli",-,Rana et al. 2013,Chamoli
2,1970-07-20,"Ganai, Almora",Killing 200 persons while uncounted animals were lost and damaged 33 houses completely,Joshi and Kumar 2006,Almora
3,1971-07-19,"Dobata, Pithoragarh",Killed 12 people and buried 35 houses,Sajwan and Khanduri 2018,Pithoragarh
4,1978-08-05,"Kanoldiya Gad, Uttarkashi","Several villages were marooned, Maneri-Bhali HEP suffered heavily damaged and most of the shops and houses in Joshiara near Uttarkashi were swept away",Khanduri 2020,Uttarkashi
5,1979-06-17,"Saikot, Chamoli",Killing 3 persons while 70 animals were lost and damaged to 50 houses,Joshi and Kumar 2006,Chamoli
6,1979-08-17,"Kuntha, Ukhimath, Rudraprayag",Killing 39 persons while 39 animals were lost and damaged to 20 houses,Joshi and Kumar 2006,Rudraprayag
7,1979-08-17,"Sirwari, Rudraprayag",Killing 13 persons while 150 animals were lost and damaged to 34 houses,Joshi and Kumar 2006,Rudraprayag
8,1980-06-25,"Gyansu Nala, Uttarkashi",24 persons were killed and washed away many houses in its vicinity,Khanduri 2020,Uttarkashi
9,1982-07-31,"Mandakhal Chennil, Pauri Garhwal",Killing 3 persons while 80 animals were lost and damaged to 8 houses,Joshi and Kumar 2006,Pauri Garhwal
10,1983-07-22,"Karmi-Kapkot, Bageshwar","6 houses were washed away, 25 persons were missing and 20 cattle lost",Anbalagan 1996,Bageshwar
11,1989-08-01,"Thalisain, Pauri",-,Khanduri et al. 2018,Pauri Garhwal
12,1989-09-05,"Karanprayag, Chamoli",3 people died and two injured,Pandey and Vishwakarma 2020,Chamoli
13,1991-08-01,"Mandal, Chamoli",-,Khanduri et al. 2018,Chamoli
14,1991-08-16,"Dewar Khandora, Chamoli","2 human casualties, 51 cattle lost and 4 houses perished",Joshi and Maikhuri 1997,Chamoli
15,1991-12-26,Uttarkashi,3 people died,Pandey and Vishwakarma 2020,Uttarkashi
16,1992-09-02,"Khankrakhet, Gadni, Chamoli",Killing 14 persons while damaging 31 houses,Joshi and Kumar 2006,Chamoli
17,1994-07-10,"Chaukhutia, Almora",4 people died,Pandey and Vishwakarma 2020,Almora
18,1995-08-13,"Bhitai Malli, Pauri Garhwal",Killing 13 persons while damaging 6 houses,Joshi and Kumar 2006,Pauri Garhwal
19,1996-07-17,"Berinaga, Pithoragarh",Killing 18 persons while 85 animals lost,Joshi and Kumar 2006,Pithoragarh
20,1996-07-26,"Raintoli, Pithoragarh",Killed 16 villagers,Sajwan and Khanduri 2018,Pithoragarh
21,1997-08-02,"Near Neelkanth Mahadev Temple, Haridwar",8 People died,Pandey and Mishra 2015,Haridwar
22,1998-08-17,"Malpa, Alaknanda",221 people died,Sajwan and Khanduri 2018,
23,1998-08-19,"Okhimath, Rudraprayag",Killing 103 persons while 422 animals were lost and damaged to 820 houses,Joshi and Kumar 2006,Rudraprayag
24,2001-07-16,"Phat-Byung, Ukhimath, Rudraprayag",Killing 27 persons while 64 animals were lost and damaged to 22 houses,Khanduri 2020,Rudraprayag
25,2001-07-17,"Near kunda, Rudraprayag",27 people died,Pandey and Vishwakarma 2020,Rudraprayag
26,2001-07-27,"Khetgaon, Dharchula",Killed 5 people,Sajwan and Khanduri 2018,
27,2001-08-11,"Phata, Rudraprayag",Killing 27 persons while 64 animals were lost and damaged to 22 houses,Joshi and Kumar 2006,Rudraprayag
28,2001-08-31,"Gona, Tehri",7 persons were killed while 12 were injured together with 7 cattle lost and 28 houses completely damaged,Khanduri 2020,Tehri Garhwal
29,2002-07-12,"Khetgaon, Pithoragarh",Killing 4 people while 1 person missing and 20 animals were lost together with damage to 7 houses,Khanduri 2020,Pithoragarh
30,2002-08-10,"Boodha Kedar, Tehri","28 persons were killed while 99 cattle were lost, 151 houses together with a micro-hydropower plant were damaged",Khanduri 2020,Tehri Garhwal
31,2002-08-19,"Bhatwari, Uttarkashi",Killing 5 people while 26 animals lost,Khanduri 2020,Uttarkashi
32,2003-07-15,"Didihat, Pithoragarh",4 people died,Pandey and Vishwakarma 2020,Pithoragarh
33,2003-08-29,"Sarnol, Uttarkashi",207 animals were lost,Khanduri 2020,Uttarkashi
34,2004-05-21,"Kapkot, Bageshwar",6 people died,Pandey and Vishwakarma 2020,Bageshwar
35,2004-06-09,"Kapkot, Bageshwar",-,Pandey and Vishwakarma 2020,Bageshwar
36,2004-07-06,Alaknanda river basin,At least 17 people were killed and 28 injured when three vehicles were swept into the Alaknanda river,Pandey and Vishwakarma 2020,
37,2004-09-14,Ranikhet,1 people died,Pandey and Vishwakarma 2020,
38,2004-09-23,"Amparav, Kathgodam, Nainital",Killing 3 persons while 7 residential and commercial structures were destroyed in the incident and a total of 8.9 hac agricultural fields were damaged,Khanduri 2020,Nainital
39,2004-09-24,Near Badrinath,A stretch of 200 Rishikesh-Badrinath road (NH 58) was completely damaged,Khanduri 2020,
40,2005-06-21,"Teela, Thalisain, Garhwal",Killing 30 animals and 6 houses completely damaged,Khanduri 2020,
41,2005-06-30,"Govindghat, Chamoli","11 people lost their lives, and more than 200 vehicles, 20 shops, Hotels, and human settlements had been washed away",Khanduri 2020,Chamoli
42,2005-07-21,"Vijaynagar, Rudraprayag",4 human lives were lost and 14 houses were destroyed,Khanduri 2020,Rudraprayag
43,2005-07-21,"Jhuni, Kapkot, Bageshwar",Killed 1 person while 3 cattle were lost and 6 houses destroyed,Khanduri 2020,Bageshwar
44,2005-08-17,"Ramolsari, Tehri",-,DMP,Tehri Garhwal
45,2005-08-18,"Semla tok of rathi village, dharchula, pithoragarh",8 persons were killed while 129 animals lost,Khanduri 2020,Pithoragarh
46,2005-08-27,"Atholi village, Bhatwari, Uttarkashi",15 animals were lost and 3 cow sheds destroyed,Khanduri 2020,Uttarkashi
47,2006-07-26,"Ladoli, Devali, Gholtir and Gurayal, Rudraprayag",19 animals were killed while 6 shops and 8 houses were partially damaged,Khanduri 2020,Rudraprayag
48,2006-08-11,"Chamoli Tehsil, Chamoli",18 mud houses were partially damaged,Khanduri 2020,Chamoli
49,2007-07-12,"Devpuri area, Chamoli",5 persons were killed,Sajwan and Khanduri 2018,Chamoli
50,2007-08-13,"Didihat, Pithoragarh",4 people died,Pandey and Vishwakarma 2020,Pithoragarh
51,2007-09-01,"Baram, Pithoragarh",5 persons were killed and 9 others were feared dead,Khanduri 2020,Pithoragarh
52,2007-09-06,"Dharchula, Pithoragarh",15 fatalities and loss of livestock,Pandey and Vishwakarma 2020,Pithoragarh
53,2007-09-12,"Baran, Pithoragarh",9 persons killed,Sajwan and Khanduri 2018,Pithoragarh
54,2009-07-25,"Joshimath, Chamoli",3 people died,NIDM,Chamoli
55,2009-08-08,"Jhakhla and Lah, Pithoragarh",Wiped out 2 villages,Sajwan and Khanduri 2018,Pithoragarh
56,2009-08-18,"Munsyari, Pithoragarh",43 people died,Pandey and Vishwakarma 2020,Pithoragarh
57,2010-07-19,"Kot, Pauri",6 people died,NIDM,Pauri Garhwal
58,2010-08-18,"Dhari, Nainital",30 people died and 3 injured,NIDM,Nainital
59,2010-08-18,"Kapkot, Bageshwar",18 school children were buried alive and 8 injured due to a massive cloudburst,Pandey and Vishwakarma 2020,Bageshwar
60,2010-09-08,"Karanprayag, Chamoli",3 people died,NIDM,Chamoli
61,2010-09-11,"Nyalgarh, Pauri",3 people died,NIDM,Pauri Garhwal
62,2010-09-18,"sumgarh, Bageshwar","18 children of classes I and II of a private primary school, Saraswati Shishu Mandir were buried alive under rock debris",Khanduri 2020,Bageshwar
63,2010-09-18,"Jwalapur kasims, Haridwar",5 people died and 2 injured,NIDM,Haridwar
64,2010-09-20,"Dhari, Nainital",5 people died and 12 injured,NIDM,Nainital
65,2010-09-22,"Kot, Pauri",5 people died,NIDM,Pauri Garhwal
66,2011-05-06,"Raipur, Dehradun",3 people died,Pandey and Vishwakarma 2020,Dehradun
67,2011-08-15,"Tuneda, Bageshwar",21 people died and 1 injured,Pandey and Vishwakarma 2020,Bageshwar
68,2012-08-03,"Pandrasu ridge, Garhwal","35 humans, 436 livestock lost and 591 houses damaged",Dimri et al. 2017,
69,2012-08-03,"Asiganga, Uttarkashi","36 human beings and 436 livestock dead, and affected about 12,000 people, damaging property worth about Rs 612 crore",Gupta et al. 2013,Uttarkashi
70,2012-09-13,"Ukhimath, Rudraprayag",66 humans died,Dimri et al. 2017,Rudraprayag
71,2013-06-16,Badrinath,"The estimated death toll was more than 10,000 and still, 3000 persons were missing",Das 2013,
72,2013-06-16,Kedarnath,"The estimated death toll was more than 10,000 and still, 3000 persons were missing",Das 2013,
73,2014-07-31,"Tehri, Uttarakhand",At least 4 people were reported dead,Pandey and Vishwakarma 2020,Tehri Garhwal
74,2016-05-28,"Kemra, Kothiara, Tehri","120 houses, 100 animals",Dimri et al. 2017,Tehri Garhwal
75,2016-05-28,"Siliara, Kothiara, Tehri",-,Dimri et al. 2017,Tehri Garhwal
76,2016-05-28,"Ghansali, Tehri","6 people died, and at least 50 residential houses and more than 100 animals were buried",Sajwan et al. 2017,Tehri Garhwal
77,2016-06-30,"Ghat, Chamoli",30 people were killed and 2 houses were washed away,Sajwan et al. 2017,Chamoli
78,2016-07-01,Chamoli,30 people were killed and Several homes in remote villages have been buried,Pandey and Mishra 2018,Chamoli
79,2016-07-01,"Bastari, Pithoragarh",At least 30 people were dead and several houses destroyed or washed away,Sajwan et al. 2017,Pithoragarh
80,2017-05-26,Tatalgaon and Bijrani near Chukhutia,Life of loss of 8 domestic animals and one house buried,Khanduri 2020,
81,2017-08-14,"Malpa, Pithoragarh",8 Persons were killed while 10 people were missing and 4 shops were washed out,Sajwan and Khanduri 2018,Pithoragarh
82,2018-07-02,"Munsyari, Pithoragarh",Sheraghat Hydro Power Project damaged,"SANDARP, July 21, 2018",Pithoragarh
83,2018-07-11,"Seema dwar, Dehradun","7 people died, 2 were injured and 2 houses collapsed","SANDARP, July 21, 2018",Dehradun
84,2018-07-16,"Tharali, Chamoli","2 ropeways, 1 road bridge washed away, 2 cattle died and several mini-hydro projects affected","SANDARP, July 21, 2018",Chamoli
85,2018-07-17,"Yamunotri, Uttarkashi",The footbridge connecting to the shrine was washed away and Kali Kamli Dharamshala was also severely damaged together with the hot water bath Kunds were filled with debris,Khanduri 2020,Uttarkashi
86,2018-07-19,"Joshimath, Chamoli",As many as 2 persons are dead and 5 persons are trapped in the debris and around 150 meters long Joshimath-Malari road stretch is washed away,Khanduri 2020,Chamoli
87,2019-06-02,"Lam Bagar, Chamoli",1 person died and agricultural land damaged,"SANDARP, December 11, 2019",Chamoli
88,2019-06-02,"Khira, Chaukhatiya, Almora",-,"SANDARP, December 11, 2019",Almora
89,2019-06-21,"Market area, Mori, Uttarkashi",1 person was dead and four were injured,"SANDARP, December 11, 2019",Uttarkashi
90,2019-06-23,"Mansari, Thailisain, Pauri",-,"SANDARP, December 11, 2019",Pauri Garhwal
91,2019-07-04,"Sari Chamshill, Augustmuni, Rudraprayag","About 60 m motor road was washed away, the water supply line was damaged and agricultural fields were washed away",Sati 2020,Rudraprayag
92,2019-07-07,"Paligarh tributary in Yamunotri, Uttarkashi","Machines were drowned, a big portion of the road was washed away and forestland damaged",Sati 2020,Uttarkashi
93,2019-08-06,"Pathar Katta, Gairsain, Chamoli","Damaged 4 cowsheds, 5 bridges, and a school building","SANDARP, December 11, 2019",Chamoli
94,2019-08-06,"Mayali, Rudraprayag",-,"SANDARP, December 11, 2019",Rudraprayag
95,2019-08-08,"Padmalla, Chamoli","About 12 houses, two dozen cow sheds, 6-foot bridges, 10 water mills, water supply lines, and agricultural lands were washed away",Khanduri 2020,Chamoli
96,2019-08-08,"Saikot, Dasholi, Chamoli","killed about 4 people, and 42 cattle and damaged 30 houses, 24 cowsheds","SANDARP, December 11, 2019",Chamoli
97,2019-08-08,"Tharti, Bhilangna, Tehri","Many houses were damaged, a transformer and 8 poles were drowned",Sati 2020,Tehri Garhwal
98,2019-08-08,"Kuledi village, Kriti Nagar, Tehri",A bridge was collapsed,Sati 2020,Tehri Garhwal
99,2019-08-08,"Faldia village, Pindar River Basin","A total of 12 houses and 8cowsheds were fully damaged, agricultural land and three bridges were washed away",Sati 2020,
100,2019-08-08,"Maithana village, Alaknanda River Basin",2 houses were collapsed,Sati 2020,
101,2019-08-08,"Nandgaon, Pathargarh in Purola, Uttarkashi",Agricultural land was washed away and existing crops were damaged,Sati 2020,Uttarkashi
102,2019-08-12,"Ghat, Chamoli",-,"SANDARP, December 11, 2019",Chamoli
103,2019-08-12,"Ali, Ghat, Chamoli",4 people died,Sati 2020,Chamoli
104,2019-08-12,"Lankhi, Ghat, Chamoli",2 people died,Sati 2020,Chamoli
105,2019-08-12,"Hawel Kulwan, Garud, Bageshwar",-,"SANDARP, December 11, 2019",Bageshwar
106,2019-08-12,"Banjbazar, Chamoli",6 people had died and 40 animals were drowned,Sati 2020,Chamoli
107,2019-08-14,"Bangaan and Mori, Uttarkashi","Heavy losses of property and agricultural land took place. Among them, 16 shops were damaged.",Sati 2020,Uttarkashi
108,2019-08-17,"Sanel village, Uttarkashi",A crusher machine drowned and forest land degraded,Sati 2020,Uttarkashi
109,2019-08-18,"Makudi, Mori, Uttarkashi","21 persons were killed and 74 animals lost, 2 motor bridges are damaged along with 2 pedestrian bridges",Khanduri 2020,Uttarkashi
110,2019-08-18,"Chauthan, Thailisain, Pouri",-,"SANDARP, December 11, 2019",
111,2019-08-18,"Makuri, Uttarkashi",17 people died,"SANDARP, December 11, 2019",Uttarkashi
112,2019-08-18,"Gaurikund, Rudraprayag district",3 bridges were collapsed,Sati 2020,Rudraprayag
113,2019-08-19,"Ralakot and Chirabari villages, Pratap Nagar, Tehri",4 houses were damaged and 2 shops were collapsed,Sati 2020,Tehri Garhwal
114,2019-08-20,"Arakot, Uttarkashi",Agricultural land was washed away and existing crops were damaged,Sati 2020,Uttarkashi
115,2019-09-02,"Jajar village, Dhauladevi, Almora",-,"SANDARP, December 11, 2019",Almora
116,2019-09-06,"Kumbhichuad and Rampur (Jamun Srot), Kotdwar",Several houses were damaged and agricultural land was washed away,Sati 2020,
117,2019-09-07,"Timtia, Munsyari, Pithoragarh",1 person died,"SANDARP, December 11, 2019",Pithoragarh
118,2019-09-07,"Govind Ghat, Chamoli",Several vehicles were buried under debris while about 30 meters stretch of Rishikesh-Badrinath road (NH 58) was completely damaged,Khanduri 2020,Chamoli
119,2019-09-07,"Gudam, Tharali, Chamoli","4 houses were partially damaged, agricultural land was drowned and debris entered into more than 12 houses and cowsheds.",Sati 2020,Chamoli
120,2019-09-07,"Dhurma village, Ghat, Mandakini River Basin",Debris entered the middle of the village and damaged many houses and cowsheds and washed away a large proportion of agricultural land,Sati 2020,
121,2019-09-08,"Dhurma, Ghat, Chamoli","A house was washed away, while 6 others were damaged, inter-college was damaged and two water mills were washed away","SANDARP, December 11, 2019",Chamoli
122,2019-09-27,"Clement, Dehradun",15 houses were damaged,"SANDARP, December 11, 2019",Dehradun
